{
"profileDefinitionId": 3600,
	
"onboarding": {
	"show_stars": 30,
	"unlock_stars": 36,
	"unlock_friends_level": 20
},

"minigame": {
	"sc_min": 5,
	"sc_max": 20,
	"cluster_bonus":0.2,
	"collectibles_add_interval_sec":10,
	"collectibles_max_profiles":4,
	"collectibles_count":5
},

"ranks": {    
   "stars_interval": 3,
   "reward": 50000
},

"castle_upgrades": [										
										
{"level":  	0	  ,"zone": 	0	   ,"price": 	0	  ,"time": 	0  ,"styles": 3},
{"level":  	0	  ,"zone": 	1	   ,"price": 	0	  ,"time": 	0  ,"styles": 3},
{"level":  	0	  ,"zone": 	2	   ,"price": 	0	  ,"time": 	0  ,"styles": 3},
{"level":  	0	  ,"zone": 	3	   ,"price": 	0	  ,"time": 	0  ,"styles": 3},
{"level":  	0	  ,"zone": 	4	   ,"price": 	0	  ,"time": 	0  ,"styles": 3},
{"level":  	0	  ,"zone": 	5	   ,"price": 	0	  ,"time": 	0  ,"styles": 3},
{"level":  	0	  ,"zone": 	6	   ,"price": 	0	  ,"time": 	0  ,"styles": 3},
{"level":  	0	  ,"zone": 	7	   ,"price": 	0	  ,"time": 	0  ,"styles": 3},
{"level":  	0	  ,"zone": 	8	   ,"price": 	0	  ,"time": 	0  ,"styles": 3},
{"level":  	0	  ,"zone": 	9	   ,"price": 	0	  ,"time": 	0  ,"styles": 3},
{"level":  	0	  ,"zone": 	10	   ,"price": 	0	  ,"time": 	0  ,"styles": 3},
{"level":  	0	  ,"zone": 	11	   ,"price": 	0	  ,"time": 	0  ,"styles": 3},
										
{"level":  	1	  ,"zone": 	0	   ,"price": 	0	  ,"time": 	0	,"styles": 3},
{"level":  	1	  ,"zone": 	1	   ,"price": 	0	  ,"time": 	0	,"styles": 3},
{"level":  	1	  ,"zone": 	2	   ,"price": 	0	  ,"time": 	0	,"styles": 3},
{"level":  	1	  ,"zone": 	3	   ,"price": 	0	  ,"time": 	0	,"styles": 3},
{"level":  	1	  ,"zone": 	4	   ,"price": 	0	  ,"time": 	0	,"styles": 3},
{"level":  	1	  ,"zone": 	5	   ,"price": 	0	  ,"time": 	0	,"styles": 3},
{"level":  	1	  ,"zone": 	6	   ,"price": 	0	  ,"time": 	0	,"styles": 3},
{"level":  	1	  ,"zone": 	7	   ,"price": 	0	  ,"time": 	0	,"styles": 3},
{"level":  	1	  ,"zone": 	8	   ,"price": 	0	  ,"time": 	0	,"styles": 3},
{"level":  	1	  ,"zone": 	9	   ,"price": 	0	  ,"time": 	0	,"styles": 3},
{"level":  	1	  ,"zone": 	10	   ,"price": 	0	  ,"time": 	0	,"styles": 3},
{"level":  	1	  ,"zone": 	11	   ,"price": 	0	  ,"time": 	0	,"styles": 3},
										
{"level":  	2	  ,"zone": 	0	   ,"price": 	0	  ,"time": 	0	,"styles": 3},
{"level":  	2	  ,"zone": 	1	   ,"price": 	0	  ,"time": 	0	,"styles": 3},
{"level":  	2	  ,"zone": 	2	   ,"price": 	0	  ,"time": 	0	,"styles": 3},
{"level":  	2	  ,"zone": 	3	   ,"price": 	0	  ,"time": 	0	,"styles": 3},
{"level":  	2	  ,"zone": 	4	   ,"price": 	0	  ,"time": 	0	,"styles": 3},
{"level":  	2	  ,"zone": 	5	   ,"price": 	0	  ,"time": 	0	,"styles": 3},
{"level":  	2	  ,"zone": 	6	   ,"price": 	0	  ,"time": 	0	,"styles": 3},
{"level":  	2	  ,"zone": 	7	   ,"price": 	0	  ,"time": 	0	,"styles": 3},
{"level":  	2	  ,"zone": 	8	   ,"price": 	0	  ,"time": 	0	,"styles": 3},
{"level":  	2	  ,"zone": 	9	   ,"price": 	0	  ,"time": 	0	,"styles": 3},
{"level":  	2	  ,"zone": 	10	   ,"price": 	0	  ,"time": 	0	,"styles": 3},
{"level":  	2	  ,"zone": 	11	   ,"price": 	0	  ,"time": 	0	,"styles": 3},
										
{"level":  	3	  ,"zone": 	0	   ,"price": 	0	  ,"time": 	0	,"styles": 3},
{"level":  	3	  ,"zone": 	1	   ,"price": 	0	  ,"time": 	0	,"styles": 3},
{"level":  	3	  ,"zone": 	2	   ,"price": 	0	  ,"time": 	0	,"styles": 3},
{"level":  	3	  ,"zone": 	3	   ,"price": 	0	  ,"time": 	0	,"styles": 3},
{"level":  	3	  ,"zone": 	4	   ,"price": 	0	  ,"time": 	0	,"styles": 3},
{"level":  	3	  ,"zone": 	5	   ,"price": 	0	  ,"time": 	0	,"styles": 3},
{"level":  	3	  ,"zone": 	6	   ,"price": 	0	  ,"time": 	0	,"styles": 3},
{"level":  	3	  ,"zone": 	7	   ,"price": 	0	  ,"time": 	0	,"styles": 3},
{"level":  	3	  ,"zone": 	8	   ,"price": 	0	  ,"time": 	0	,"styles": 3},
{"level":  	3	  ,"zone": 	9	   ,"price": 	0	  ,"time": 	0	,"styles": 3},
{"level":  	3	  ,"zone": 	10	   ,"price": 	0	  ,"time": 	0	,"styles": 3},
{"level":  	3	  ,"zone": 	11	   ,"price": 	0	  ,"time": 	0	,"styles": 3},
{"level":  	0	  ,"zone": 	12	   ,"price": 	0	 ,"time": 	0	,"styles": 1},
{"level":  	1	  ,"zone": 	12	 ,"price": 	0	 ,"time": 	0	,"styles": 1},
{"level":  	0	  ,"zone": 	13	 ,"price": 	0	 ,"time": 	0	,"styles": 1},
{"level":  	1	  ,"zone": 	13	 ,"price": 	0	 ,"time": 	0	,"styles": 1},
{"level":  	2	  ,"zone": 	13	 ,"price": 	0	 ,"time": 	0	,"styles": 1},
{"level":  	0	  ,"zone": 	14	 ,"price": 	0	 ,"time": 	0	,"styles": 1},
{"level":  	1	  ,"zone": 	14	 ,"price": 	0	 ,"time": 	0	,"styles": 1},
{"level":  	2	  ,"zone": 	14	 ,"price": 	0	 ,"time": 	0	,"styles": 1},
{"level":  	0	  ,"zone": 	15	 ,"price": 	0	,"time": 	0	 ,"styles": 1},
{"level":  	1	  ,"zone": 	15	 ,"price": 	0	,"time": 	0	 ,"styles": 1},
{"level":  	0	  ,"zone": 	16	 ,"price": 	0	,"time": 	0	 ,"styles": 1},
{"level":  	1	  ,"zone": 	16	 ,"price": 	0	,"time": 	0	 ,"styles": 1},
{"level":  	0	  ,"zone": 	17	 ,"price": 	0	,"time": 	0	 ,"styles": 1},
{"level":  	1	  ,"zone": 	17	 ,"price": 	0	,"time": 	0	 ,"styles": 1},
{"level":  	2	  ,"zone": 	17	 ,"price": 	0	,"time": 	0	 ,"styles": 1},
{"level":  	0	  ,"zone": 	18	 ,"price": 	0	,"time": 	0	 ,"styles": 1},
{"level":  	1	  ,"zone": 	18	 ,"price": 	0	,"time": 	0	 ,"styles": 1},
{"level":  	2	  ,"zone": 	18	 ,"price": 	0	,"time": 	0	 ,"styles": 1},
{"level":  	0	  ,"zone": 	19	 ,"price": 	0	,"time": 	0	 ,"styles": 1},
{"level":  	1	  ,"zone": 	19	 ,"price": 	0	,"time": 	0	 ,"styles": 1},
{"level":  	2	  ,"zone": 	19	 ,"price": 	0	,"time": 	0	 ,"styles": 1},
{"level":  	0	  ,"zone": 	20	 ,"price": 	0	,"time": 	0	 ,"styles": 1},
{"level":  	1	  ,"zone": 	20	 ,"price": 	0	,"time": 	0	 ,"styles": 1},
{"level":  	0	  ,"zone": 	21	 ,"price": 	0	,"time": 	0	 ,"styles": 1},
{"level":  	1	  ,"zone": 	21	 ,"price": 	0	,"time": 	0	 ,"styles": 1},
{"level":  	0	  ,"zone": 	22	 ,"price": 	0	,"time": 	0	 ,"styles": 1},
{"level":  	1	  ,"zone": 	22	 ,"price": 	0	,"time": 	0	 ,"styles": 1},
{"level":  	0	  ,"zone": 	23	 ,"price": 	0	,"time": 	0	 ,"styles": 1},
{"level":  	1	  ,"zone": 	23	 ,"price": 	0	,"time": 	0	 ,"styles": 1},
{"level":  	0	  ,"zone": 	24	 ,"price": 	0	,"time": 	0	 ,"styles": 1},
{"level":  	1	  ,"zone": 	24	 ,"price": 	0	,"time": 	0	 ,"styles": 1},
{"level":  	2	  ,"zone": 	24	 ,"price": 	0	,"time": 	0	 ,"styles": 1},
{"level":  	0	  ,"zone": 	25	 ,"price": 	0	,"time": 	0	 ,"styles": 1},
{"level":  	0	  ,"zone": 	26	 ,"price": 	0	,"time": 	0	 ,"styles": 1},
{"level":  	0	  ,"zone": 	27	 ,"price": 	0	,"time": 	0	 ,"styles": 1},
{"level":  	1	  ,"zone": 	27	 ,"price": 	0	,"time": 	0	 ,"styles": 1},
{"level":  	0	  ,"zone": 	28	 ,"price": 	0	,"time": 	0	 ,"styles": 1},
{"level":  	1	  ,"zone": 	28	 ,"price": 	0	,"time": 	0	 ,"styles": 1},
{"level":  	0	  ,"zone": 	29	 ,"price": 	0	,"time": 	0	 ,"styles": 1},
{"level":  	1	  ,"zone": 	29	 ,"price": 	0	,"time": 	0	 ,"styles": 1},
{"level":  	0	  ,"zone": 	30	 ,"price": 	0	,"time": 	0	 ,"styles": 1},
{"level":  	1	  ,"zone": 	30	 ,"price": 	0	,"time": 	0	 ,"styles": 1},
{"level":  	0	  ,"zone": 	31	 ,"price": 	0	,"time": 	0	 ,"styles": 1},
{"level":  	0	  ,"zone": 	32	 ,"price": 	0	,"time": 	0	 ,"styles": 1},
{"level":  	1	  ,"zone": 	32	 ,"price": 	0	,"time": 	0	 ,"styles": 1},
{"level":  	2	  ,"zone": 	32	 ,"price": 	0	,"time": 	0	 ,"styles": 1},
{"level":  	0	  ,"zone": 	33	 ,"price": 	0	,"time": 	0	 ,"styles": 1},
{"level":  	0	  ,"zone": 	34	 ,"price": 	0	,"time": 	0	 ,"styles": 1},
{"level":  	1	  ,"zone": 	34	 ,"price": 	0	,"time": 	0	 ,"styles": 1},
{"level":  	2	  ,"zone": 	34	 ,"price": 	0	,"time": 	0	 ,"styles": 1},
{"level":  	0	  ,"zone": 	35	 ,"price": 	0	,"time": 	0	 ,"styles": 1},
{"level":  	1	  ,"zone": 	35	 ,"price": 	0	,"time": 	0	 ,"styles": 1},
{"level":  	0	  ,"zone": 	36	 ,"price": 	0	,"time": 	0	 ,"styles": 1},
{"level":  	1	  ,"zone": 	36	 ,"price": 	0	,"time": 	0	 ,"styles": 1},
{"level":  	0	  ,"zone": 	37	 ,"price": 	0	,"time": 	0	 ,"styles": 1},
{"level":  	1	  ,"zone": 	37	 ,"price": 	0	,"time": 	0	 ,"styles": 1},
{"level":  	2	  ,"zone": 	37	 ,"price": 	0	,"time": 	0	 ,"styles": 1},
{"level":  	0	  ,"zone": 	38	 ,"price": 	0	,"time": 	0	 ,"styles": 1},
{"level":  	1	  ,"zone": 	38	 ,"price": 	0	,"time": 	0	 ,"styles": 1},
{"level":  	0	  ,"zone": 	39	 ,"price": 	0	,"time": 	0	 ,"styles": 1},
{"level":  	1	  ,"zone": 	39	 ,"price": 	0	,"time": 	0	 ,"styles": 1},
{"level":  	2	  ,"zone": 	39	 ,"price": 	0	,"time": 	0	 ,"styles": 1},
{"level":  	0	  ,"zone": 	40	 ,"price": 	0	,"time": 	0	 ,"styles": 1},
{"level":  	0	  ,"zone": 	41	 ,"price": 	0	,"time": 	0	 ,"styles": 1},
{"level":  	1	  ,"zone": 	41	 ,"price": 	0	,"time": 	0	 ,"styles": 1},
{"level":  	2	  ,"zone": 	41	 ,"price": 	0	,"time": 	0	 ,"styles": 1},
{"level":  	0	  ,"zone": 	42	 ,"price": 	0	,"time": 	0	 ,"styles": 1},
{"level":  	1	  ,"zone": 	42	 ,"price": 	0	,"time": 	0	 ,"styles": 1},
{"level":  	0	  ,"zone": 	43	 ,"price": 	0	,"time": 	0	 ,"styles": 1},
{"level":  	0	  ,"zone": 	44	 ,"price": 	0	,"time": 	0	 ,"styles": 1},
{"level":  	1	  ,"zone": 	44	 ,"price": 	0	,"time": 	0	 ,"styles": 1},
{"level":  	2	  ,"zone": 	44	 ,"price": 	0	,"time": 	0	 ,"styles": 1}
],

"speedUp":[
	{"time":300,	  "productPackageType":100110},
	{"time":1500,	  "productPackageType":100111},
	{"time":2400,	  "productPackageType":100112},
	{"time":3240,	  "productPackageType":100113},
	{"time":4440,	  "productPackageType":100114},
	{"time":5760,	  "productPackageType":100115},
	{"time":7140,	  "productPackageType":100116},
	{"time":8460,	  "productPackageType":100117},
	{"time":9840,	  "productPackageType":100118},
	{"time":11160,	"productPackageType":100119},
	{"time":12540,	"productPackageType":100120},
	{"time":13860,	"productPackageType":100121},
	{"time":15840,	"productPackageType":100122},
	{"time":18240,	"productPackageType":100123},
	{"time":20640,	"productPackageType":100124},
	{"time":23040,	"productPackageType":100125},
	{"time":25440,	"productPackageType":100126},
	{"time":27840,	"productPackageType":100127},
	{"time":33120,	"productPackageType":100128},
	{"time":40320,	"productPackageType":100129}	
]

}
