{
	"questDefinitionId": 8,
	"quest_spawn_time_secs": 43200,
	"quest_discard_time_secs": 86400,
	"templates":[
		{
			"id":  1,
			"cat_id":  1,
			"enabled": true,
			"lifespan" : {
				"type_id": 0,
				"value" : 0
			},
			"targets" : [
				{
					"type_id": 1,
					"difficulties":
					[
						{
							"difficulty_id": 0,
							"amount" : 90,
							"rewards" :
							[
								{
									"type_id": 61010,
									"rewardAmount" : 5000
								}
							]
						},
						{
							"difficulty_id": 1,
							"amount" : 200,
							"rewards" :
							[
								{
									"type_id": 61010,
									"rewardAmount" : 5000
								}
							]
						},
						{
							"difficulty_id": 2,
							"amount" : 400,
							"rewards" :
							[
								{
									"type_id": 61010,
									"rewardAmount" : 5000
								}
							]
						},
						{
							"difficulty_id": 3,
							"amount" : 600,
							"rewards" :
							[
								{
									"type_id": 61010,
									"rewardAmount" : 5000
								}
							]
						},
						{
							"difficulty_id": 4,
							"amount" : 1000,
							"rewards" :
							[
								{
									"type_id": 61010,
									"rewardAmount" : 5000
								}
							]
						}
					]
				}
			],
			"localization" : {
				"title_key" : "metagame_quest_break_any_title",
				"presentation_key" : "metagame_quest_break_any_info",	
				"instructions_key" : "metagame_quest_break_any_text"
			}
		},
		{
			"id":  2,
			"cat_id":  2,
			"enabled": true,
			"lifespan" : {
				"type_id": 0,
				"value" : 0
			},
			"targets" : [
				{
					"type_id": 2,
					"difficulties":
					[
						{
							"difficulty_id": 0,
							"amount" : 0,
							"rewards" :
							[
								{
									"type_id": 61010,
									"rewardAmount" : 5000
								}
							]
						},
						{
							"difficulty_id": 1,
							"amount" : 0,
							"rewards" :
							[
								{
									"type_id": 61010,
									"rewardAmount" : 5000
								}
							]
						},
						{
							"difficulty_id": 2,
							"amount" : 1,
							"rewards" :
							[
								{
									"type_id": 61010,
									"rewardAmount" : 5000
								}
							]
						},
						{
							"difficulty_id": 3,
							"amount" : 2,
							"rewards" :
							[
								{
									"type_id": 61010,
									"rewardAmount" : 5000
								}
							]
						},
						{
							"difficulty_id": 4,
							"amount" : 4,
							"rewards" :
							[
								{
									"type_id": 61010,
									"rewardAmount" : 5000
								}
							]
						}
					]
				}
			],
			"localization" : {
				"title_key" : "metagame_quest_beat_level_title",
				"presentation_key" : "metagame_quest_beat_level_info",	
				"instructions_key" : "metagame_quest_beat_level_text"
			}
		},
		{
			"id":  3,
			"cat_id":  3,
			"enabled": true,
			"lifespan" : {
				"type_id": 0,
				"value" : 0
			},
			"targets" : [
				{
					"type_id": 3,
					"difficulties":
					[
						{
							"difficulty_id": 0,
							"amount" : 15,
							"rewards" :
							[
								{
									"type_id": 61010,
									"rewardAmount" : 5000
								}
							]
						},
						{
							"difficulty_id": 1,
							"amount" : 40,
							"rewards" :
							[
								{
									"type_id": 61010,
									"rewardAmount" : 5000
								}
							]
						},
						{
							"difficulty_id": 2,
							"amount" : 80,
							"rewards" :
							[
								{
									"type_id": 61010,
									"rewardAmount" : 5000
								}
							]
						},
						{
							"difficulty_id": 3,
							"amount" : 120,
							"rewards" :
							[
								{
									"type_id": 61010,
									"rewardAmount" : 5000
								}
							]
						},
						{
							"difficulty_id": 4,
							"amount" : 200,
							"rewards" :
							[
								{
									"type_id": 61010,
									"rewardAmount" : 5000
								}
							]
						}
					]
				}
			],
			"localization" : {
				"title_key" : "metagame_quest_orb_any_title",
				"presentation_key" : "metagame_quest_orb_any_info",	
				"instructions_key" : "metagame_quest_orb_any_text"
			}
		},
		{
			"id":  4,
			"cat_id":  4,
			"enabled": true,
			"lifespan" : {
				"type_id": 0,
				"value" : 0
			},
			"targets" : [
				{
					"type_id": 4,
					"difficulties":
					[
						{
							"difficulty_id": 0,
							"amount" : 10,
							"rewards" :
							[
								{
									"type_id": 61010,
									"rewardAmount" : 5000
								}
							]
						},
						{
							"difficulty_id": 1,
							"amount" : 20,
							"rewards" :
							[
								{
									"type_id": 61010,
									"rewardAmount" : 5000
								}
							]
						},
						{
							"difficulty_id": 2,
							"amount" : 40,
							"rewards" :
							[
								{
									"type_id": 61010,
									"rewardAmount" : 5000
								}
							]
						},
						{
							"difficulty_id": 3,
							"amount" : 60,
							"rewards" :
							[
								{
									"type_id": 61010,
									"rewardAmount" : 5000
								}
							]
						},
						{
							"difficulty_id": 4,
							"amount" : 100,
							"rewards" :
							[
								{
									"type_id": 61010,
									"rewardAmount" : 5000
								}
							]
						}
					]
				}
			],
			"preconditions" :
			[
				{
					"precondition_type" : 0
				},
				{
					"precondition_type" : 5
				}
			],
			"localization" : {
				"title_key" : "metagame_quests_facebook_title",
				"presentation_key" : "metagame_quests_facebook_info",	
				"instructions_key" : "metagame_quests_facebook_text"
			}
		},
		{
			"id":  5,
			"cat_id":  5,
			"enabled": true,
			"min_level": 4,
			"lifespan" : {
				"type_id": 0,
				"value" : 0
			},
			"targets" : [
				{
					"type_id": 5,
					"target_parameters" :
					[
						{
							"helper" : 5
						}
					],
					"difficulties":
					[
						{
							"difficulty_id": 0,
							"amount" : 4,
							"rewards" :
							[
								{
									"type_id": 61010,
									"rewardAmount" : 5000
								}
							]
						},
						{
							"difficulty_id": 1,
							"amount" : 10,
							"rewards" :
							[
								{
									"type_id": 61010,
									"rewardAmount" : 5000
								}
							]
						},
						{
							"difficulty_id": 2,
							"amount" : 20,
							"rewards" :
							[
								{
									"type_id": 61010,
									"rewardAmount" : 5000
								}
							]
						},
						{
							"difficulty_id": 3,
							"amount" : 30,
							"rewards" :
							[
								{
									"type_id": 61010,
									"rewardAmount" : 5000
								}
							]
						},
						{
							"difficulty_id": 4,
							"amount" : 50,
							"rewards" :
							[
								{
									"type_id": 61010,
									"rewardAmount" : 5000
								}
							]
						}
					]
				}
			],
			"localization" : {
				"title_key" : "metagame_quest_destroy_arcane_title",
				"presentation_key" : "metagame_quest_destroy_arcane_info",	
				"instructions_key" : "metagame_quest_destroy_arcane_text"
			}
		},
		{
			"id":  6,
			"cat_id":  5,
			"enabled": true,
			"min_level": 32,
			"lifespan" : {
				"type_id": 0,
				"value" : 0
			},
			"targets" : [
				{
					"type_id": 6,
					"target_parameters" :
					[
						{
							"helper" : 7
						}
					],
					"difficulties":
					[
						{
							"difficulty_id": 0,
							"amount" : 2,
							"rewards" :
							[
								{
									"type_id": 61010,
									"rewardAmount" : 5000
								}
							]
						},
						{
							"difficulty_id": 1,
							"amount" : 2,
							"rewards" :
							[
								{
									"type_id": 61010,
									"rewardAmount" : 5000
								}
							]
						},
						{
							"difficulty_id": 2,
							"amount" : 7,
							"rewards" :
							[
								{
									"type_id": 61010,
									"rewardAmount" : 5000
								}
							]
						},
						{
							"difficulty_id": 3,
							"amount" : 12,
							"rewards" :
							[
								{
									"type_id": 61010,
									"rewardAmount" : 5000
								}
							]
						},
						{
							"difficulty_id": 4,
							"amount" : 20,
							"rewards" :
							[
								{
									"type_id": 61010,
									"rewardAmount" : 5000
								}
							]
						}
					]
				}
			],
			"localization" : {
				"title_key" : "metagame_quest_destroy_lineblast_title",
				"presentation_key" : "metagame_quest_destroy_lineblast_info",	
				"instructions_key" : "metagame_quest_destroy_lineblast_text"
			}
		},
		{
			"id":  7,
			"cat_id":  5,
			"enabled": true,
			"min_level": 61,
			"lifespan" : {
				"type_id": 0,
				"value" : 0
			},
			"targets" : [
				{
					"type_id": 7,
					"target_parameters" :
					[
						{
							"helper" : 25
						}
					],
					"difficulties":
					[
						{
							"difficulty_id": 0,
							"amount" : 2,
							"rewards" :
							[
								{
									"type_id": 61010,
									"rewardAmount" : 5000
								}
							]
						},
						{
							"difficulty_id": 1,
							"amount" : 2,
							"rewards" :
							[
								{
									"type_id": 61010,
									"rewardAmount" : 5000
								}
							]
						},
						{
							"difficulty_id": 2,
							"amount" : 7,
							"rewards" :
							[
								{
									"type_id": 61010,
									"rewardAmount" : 5000
								}
							]
						},
						{
							"difficulty_id": 3,
							"amount" : 12,
							"rewards" :
							[
								{
									"type_id": 61010,
									"rewardAmount" : 5000
								}
							]
						},
						{
							"difficulty_id": 4,
							"amount" : 20,
							"rewards" :
							[
								{
									"type_id": 61010,
									"rewardAmount" : 5000
								}
							]
						}
					]
				}
			],
			"localization" : {
				"title_key" : "metagame_quest_destroy_directional_title",
				"presentation_key" : "metagame_quest_destroy_directional_info",	
				"instructions_key" : "metagame_quest_destroy_directional_text"
			}
		},
		{
			"id":  8,
			"cat_id":  1,
			"enabled": true,
			"lifespan" : {
				"type_id": 0,
				"value" : 0
			},
			"targets" : [
				{
					"type_id": 8,
					"target_parameters" :
					[
						{
							"color" : 1
						}
					],
					"difficulties":
					[
						{
							"difficulty_id": 0,
							"amount" : 17,
							"rewards" :
							[
								{
									"type_id": 61010,
									"rewardAmount" : 5000
								}
							]
						},
						{
							"difficulty_id": 1,
							"amount" : 40,
							"rewards" :
							[
								{
									"type_id": 61010,
									"rewardAmount" : 5000
								}
							]
						},
						{
							"difficulty_id": 2,
							"amount" : 80,
							"rewards" :
							[
								{
									"type_id": 61010,
									"rewardAmount" : 5000
								}
							]
						},
						{
							"difficulty_id": 3,
							"amount" : 120,
							"rewards" :
							[
								{
									"type_id": 61010,
									"rewardAmount" : 5000
								}
							]
						},
						{
							"difficulty_id": 4,
							"amount" : 200,
							"rewards" :
							[
								{
									"type_id": 61010,
									"rewardAmount" : 5000
								}
							]
						}
					]
				}
			],
			"localization" : {
				"title_key" : "metagame_quest_break_red_bubbles_title",
				"presentation_key" : "metagame_quest_break_red_bubbles_info",	
				"instructions_key" : "metagame_quest_break_red_bubbles_text"
			}
		},
		{
			"id":  9,
			"cat_id":  1,
			"enabled": true,
			"lifespan" : {
				"type_id": 0,
				"value" : 0
			},
			"targets" : [
				{
					"type_id": 9,
					"target_parameters" :
					[
						{
							"color" : 2
						}
					],
					"difficulties":
					[
						{
							"difficulty_id": 0,
							"amount" : 17,
							"rewards" :
							[
								{
									"type_id": 61010,
									"rewardAmount" : 5000
								}
							]
						},	
						{
							"difficulty_id": 1,
							"amount" : 40,
							"rewards" :
							[
								{
									"type_id": 61010,
									"rewardAmount" : 5000
								}
							]
						},
						{
							"difficulty_id": 2,
							"amount" : 80,
							"rewards" :
							[
								{
									"type_id": 61010,
									"rewardAmount" : 5000
								}
							]
						},
						{
							"difficulty_id": 3,
							"amount" : 120,
							"rewards" :
							[
								{
									"type_id": 61010,
									"rewardAmount" : 5000
								}
							]
						},
						{
							"difficulty_id": 4,
							"amount" : 200,
							"rewards" :
							[
								{
									"type_id": 61010,
									"rewardAmount" : 5000
								}
							]
						}
					]
				}
			],
			"localization" : {
				"title_key" : "metagame_quest_break_blue_bubbles_title",
				"presentation_key" : "metagame_quest_break_blue_bubbles_info",	
				"instructions_key" : "metagame_quest_break_blue_bubbles_text"
			}
		},
		{
			"id":  10,
			"cat_id":  1,
			"enabled": true,
			"lifespan" : {
				"type_id": 0,
				"value" : 0
			},
			"targets" : [
				{
					"type_id": 10,
					"target_parameters" :
					[
						{
							"color" : 3
						}
					],
					"difficulties":
					[
						{
							"difficulty_id": 0,
							"amount" : 17,
							"rewards" :
							[
								{
									"type_id": 61010,
									"rewardAmount" : 5000
								}
							]
						},
						{
							"difficulty_id": 1,
							"amount" : 40,
							"rewards" :
							[
								{
									"type_id": 61010,
									"rewardAmount" : 5000
								}
							]
						},
						{
							"difficulty_id": 2,
							"amount" : 80,
							"rewards" :
							[
								{
									"type_id": 61010,
									"rewardAmount" : 5000
								}
							]
						},
						{
							"difficulty_id": 3,
							"amount" : 120,
							"rewards" :
							[
								{
									"type_id": 61010,
									"rewardAmount" : 5000
								}
							]
						},
						{
							"difficulty_id": 4,
							"amount" : 200,
							"rewards" :
							[
								{
									"type_id": 61010,
									"rewardAmount" : 5000
								}
							]
						}
					]
				}
			],
			"localization" : {
				"title_key" : "metagame_quest_break_yellow_bubbles_title",
				"presentation_key" : "metagame_quest_break_yellow_bubbles_info",	
				"instructions_key" : "metagame_quest_break_yellow_bubbles_text"
			}
		},
		{
			"id":  13,
			"cat_id":  6,
			"enabled": true,
			"lifespan" : {
				"type_id": 0,
				"value" : 0
			},
			"targets" : [
				{
					"type_id": 13,
					"target_parameters" :
					[
						{
							"helper" : 14
						}
					],
					"difficulties":
					[
						{
							"difficulty_id": 0,
							"amount" : 7,
							"rewards" :
							[
								{
									"type_id": 61010,
									"rewardAmount" : 5000
								}
							]
						},
						{
							"difficulty_id": 1,
							"amount" : 12,
							"rewards" :
							[
								{
									"type_id": 61010,
									"rewardAmount" : 5000
								}
							]
						},
						{
							"difficulty_id": 2,
							"amount" : 25,
							"rewards" :
							[
								{
									"type_id": 61010,
									"rewardAmount" : 5000
								}
							]
						},
						{
							"difficulty_id": 3,
							"amount" : 37,
							"rewards" :
							[
								{
									"type_id": 61010,
									"rewardAmount" : 5000
								}
							]
						},
						{
							"difficulty_id": 4,
							"amount" : 62,
							"rewards" :
							[
								{
									"type_id": 61010,
									"rewardAmount" : 5000
								}
							]
						}
					]
				}
			],
			"localization" : {
				"title_key" : "metagame_quest_release_fairies_title",
				"presentation_key" : "metagame_quest_release_fairies_info",	
				"instructions_key" : "metagame_quest_release_fairies_text"
			}
		},
		{
			"id":  14,
			"cat_id":  5,
			"enabled": true,
			"min_level": 101,
			"lifespan" : {
				"type_id": 0,
				"value" : 0
			},
			"targets" : [
				{
					"type_id": 14,
					"target_parameters" :
					[
						{
							"helper" : 26
						}
					],
					"difficulties":
					[
						{
							"difficulty_id": 0,
							"amount" : 2,
							"rewards" :
							[
								{
									"type_id": 61010,
									"rewardAmount" : 5000
								}
							]
						},
						{
							"difficulty_id": 1,
							"amount" : 2,
							"rewards" :
							[
								{
									"type_id": 61010,
									"rewardAmount" : 5000
								}
							]
						},
						{
							"difficulty_id": 2,
							"amount" : 7,
							"rewards" :
							[
								{
									"type_id": 61010,
									"rewardAmount" : 5000
								}
							]
						},
						{
							"difficulty_id": 3,
							"amount" : 12,
							"rewards" :
							[
								{
									"type_id": 61010,
									"rewardAmount" : 5000
								}
							]
						},
						{
							"difficulty_id": 4,
							"amount" : 20,
							"rewards" :
							[
								{
									"type_id": 61010,
									"rewardAmount" : 5000
								}
							]
						}
					]
				}
			],
			"localization" : {
				"title_key" : "metagame_quest_destroy_nest_title",
				"presentation_key" : "metagame_quest_destroy_nest_info",	
				"instructions_key" : "metagame_quest_destroy_nest_text"
			}
		},
		{
			"id":  15,
			"cat_id":  7,
			"enabled": true,
			"lifespan" : {
				"type_id": 0,
				"value" : 0
			},
			"targets" : [
				{
					"type_id": 15,
					"difficulties":
					[
						{
							"difficulty_id": 0,
							"amount" : 1,
							"rewards" :
							[
								{
									"type_id": 61010,
									"rewardAmount" : 5000
								}
							]
						},
						{
							"difficulty_id": 1,
							"amount" : 1,
							"rewards" :
							[
								{
									"type_id": 61010,
									"rewardAmount" : 5000
								}
							]
						},
						{
							"difficulty_id": 2,
							"amount" : 1,
							"rewards" :
							[
								{
									"type_id": 61010,
									"rewardAmount" : 5000
								}
							]
						},
						{
							"difficulty_id": 3,
							"amount" : 1,
							"rewards" :
							[
								{
									"type_id": 61010,
									"rewardAmount" : 5000
								}
							]
						},
						{
							"difficulty_id": 4,
							"amount" : 1,
							"rewards" :
							[
								{
									"type_id": 61010,
									"rewardAmount" : 5000
								}
							]
						}
					]
				}
			],
			"preconditions" :
			[
				{
					"precondition_type" : 4
				}				
			],
			"localization" : {
				"title_key" : "metagame_quest_build_piece_title",
				"presentation_key" : "metagame_quest_build_piece_info",	
				"instructions_key" : "metagame_quest_build_piece_text"
			}
		},
		{
			"id":  16,
			"cat_id":  8,
			"enabled": true,
			"min_level": 17,
			"lifespan" : {
				"type_id": 0,
				"value" : 0
			},
			"targets" : [
				{
					"type_id": 16,
					"target_parameters" :
					[
						{
							"blocker" : 3
						}
					],					
					"difficulties":
					[
						{
							"difficulty_id": 0,
							"amount" : 2,
							"rewards" :
							[
								{
									"type_id": 61010,
									"rewardAmount" : 5000
								}
							]
						},
						{
							"difficulty_id": 1,
							"amount" : 2,
							"rewards" :
							[
								{
									"type_id": 61010,
									"rewardAmount" : 5000
								}
							]
						},
						{
							"difficulty_id": 2,
							"amount" : 5,
							"rewards" :
							[
								{
									"type_id": 61010,
									"rewardAmount" : 5000
								}
							]
						},
						{
							"difficulty_id": 3,
							"amount" : 7,
							"rewards" :
							[
								{
									"type_id": 61010,
									"rewardAmount" : 5000
								}
							]
						},
						{
							"difficulty_id": 4,
							"amount" : 10,
							"rewards" :
							[
								{
									"type_id": 61010,
									"rewardAmount" : 5000
								}
							]
						}
					]
				}
			],
			"localization" : {
				"title_key" : "metagame_quest_destroy_black_title",
				"presentation_key" : "metagame_quest_destroy_black_info",	
				"instructions_key" : "metagame_quest_destroy_black_text"
			}
		},
		{
			"id":  17,
			"cat_id":  8,
			"enabled": true,
			"min_level": 121,
			"lifespan" : {
				"type_id": 0,
				"value" : 0
			},
			"targets" : [
				{
					"type_id": 17,
					"target_parameters" :
					[
						{
							"blocker" : 31
						}
					],					
					"difficulties":
					[
						{
							"difficulty_id": 0,
							"amount" : 7,
							"rewards" :
							[
								{
									"type_id": 61010,
									"rewardAmount" : 5000
								}
							]
						},
						{
							"difficulty_id": 1,
							"amount" : 22,
							"rewards" :
							[
								{
									"type_id": 61010,
									"rewardAmount" : 5000
								}
							]
						},
						{
							"difficulty_id": 2,
							"amount" : 45,
							"rewards" :
							[
								{
									"type_id": 61010,
									"rewardAmount" : 5000
								}
							]
						},
						{
							"difficulty_id": 3,
							"amount" : 67,
							"rewards" :
							[
								{
									"type_id": 61010,
									"rewardAmount" : 5000
								}
							]
						},
						{
							"difficulty_id": 4,
							"amount" : 112,
							"rewards" :
							[
								{
									"type_id": 61010,
									"rewardAmount" : 5000
								}
							]
						}
					]
				}
			],
			"localization" : {
				"title_key" : "metagame_quest_destroy_duo_title",
				"presentation_key" : "metagame_quest_destroy_duo_info",	
				"instructions_key" : "metagame_quest_destroy_duo_text"
			}
		},
		{
			"id":  18,
			"cat_id":  8,
			"enabled": true,
			"min_level": 41,
			"lifespan" : {
				"type_id": 0,
				"value" : 0
			},
			"targets" : [
				{
					"type_id": 18,
					"target_parameters" :
					[
						{
							"blocker" : 8
						}
					],					
					"difficulties":
					[
						{
							"difficulty_id": 0,
							"amount" : 3,
							"rewards" :
							[
								{
									"type_id": 61010,
									"rewardAmount" : 5000
								}
							]
						},
						{
							"difficulty_id": 1,
							"amount" : 8,
							"rewards" :
							[
								{
									"type_id": 61010,
									"rewardAmount" : 5000
								}
							]
						},
						{
							"difficulty_id": 2,
							"amount" : 16,
							"rewards" :
							[
								{
									"type_id": 61010,
									"rewardAmount" : 5000
								}
							]
						},
						{
							"difficulty_id": 3,
							"amount" : 24,
							"rewards" :
							[
								{
									"type_id": 61010,
									"rewardAmount" : 5000
								}
							]
						},
						{
							"difficulty_id": 4,
							"amount" : 40,
							"rewards" :
							[
								{
									"type_id": 61010,
									"rewardAmount" : 5000
								}
							]
						}
					]
				}
			],
			"localization" : {
				"title_key" : "metagame_quest_destroy_bat_title",
				"presentation_key" : "metagame_quest_destroy_bat_info",	
				"instructions_key" : "metagame_quest_destroy_bat_text"
			}
		},
		{
			"id":  19,
			"cat_id":  8,
			"enabled": true,
			"min_level": 81,
			"lifespan" : {
				"type_id": 0,
				"value" : 0
			},
			"targets" : [
				{
					"type_id": 19,
					"target_parameters" :
					[
						{
							"blocker" : 27
						}
					],					
					"difficulties":
					[
						{
							"difficulty_id": 0,
							"amount" : 4,
							"rewards" :
							[
								{
									"type_id": 61010,
									"rewardAmount" : 5000
								}
							]
						},
						{
							"difficulty_id": 1,
							"amount" : 10,
							"rewards" :
							[
								{
									"type_id": 61010,
									"rewardAmount" : 5000
								}
							]
						},
						{
							"difficulty_id": 2,
							"amount" : 20,
							"rewards" :
							[
								{
									"type_id": 61010,
									"rewardAmount" : 5000
								}
							]
						},
						{
							"difficulty_id": 3,
							"amount" : 30,
							"rewards" :
							[
								{
									"type_id": 61010,
									"rewardAmount" : 5000
								}
							]
						},
						{
							"difficulty_id": 4,
							"amount" : 50,
							"rewards" :
							[
								{
									"type_id": 61010,
									"rewardAmount" : 5000
								}
							]
						}
					]
				}
			],
			"localization" : {
				"title_key" : "metagame_quest_destroy_golem_title",
				"presentation_key" : "metagame_quest_destroy_golem_info",	
				"instructions_key" : "metagame_quest_destroy_golem_text"
			}
		},
		{
			"id":  20,
			"cat_id":  8,
			"enabled": true,
			"min_level": 26,
			"lifespan" : {
				"type_id": 0,
				"value" : 0
			},
			"targets" : [
				{
					"type_id": 21,
					"target_parameters" :
					[
						{
							"blocker" : 16
						}
					],					
					"difficulties":
					[
						{
							"difficulty_id": 0,
							"amount" : 2,
							"rewards" :
							[
								{
									"type_id": 61010,
									"rewardAmount" : 5000
								}
							]
						},
						{
							"difficulty_id": 1,
							"amount" : 5,
							"rewards" :
							[
								{
									"type_id": 61010,
									"rewardAmount" : 5000
								}
							]
						},
						{
							"difficulty_id": 2,
							"amount" : 10,
							"rewards" :
							[
								{
									"type_id": 61010,
									"rewardAmount" : 5000
								}
							]
						},
						{
							"difficulty_id": 3,
							"amount" : 15,
							"rewards" :
							[
								{
									"type_id": 61010,
									"rewardAmount" : 5000
								}
							]
						},
						{
							"difficulty_id": 4,
							"amount" : 25,
							"rewards" :
							[
								{
									"type_id": 61010,
									"rewardAmount" : 5000
								}
							]
						}
					]
				}
			],
			"localization" : {
				"title_key" : "metagame_quest_destroy_spider_title",
				"presentation_key" : "metagame_quest_destroy_spider_info",	
				"instructions_key" : "metagame_quest_destroy_spider_text"
			}
		},
		{
			"id":  21,
			"cat_id":  8,
			"enabled": true,
			"min_level": 161,
			"lifespan" : {
				"type_id": 0,
				"value" : 0
			},
			"targets" : [
				{
					"type_id": 21,
					"target_parameters" :
					[
						{
							"blocker" : 34
						}
					],					
					"difficulties":
					[
						{
							"difficulty_id": 0,
							"amount" : 2,
							"rewards" :
							[
								{
									"type_id": 61010,
									"rewardAmount" : 5000
								}
							]
						},
						{
							"difficulty_id": 1,
							"amount" : 5,
							"rewards" :
							[
								{
									"type_id": 61010,
									"rewardAmount" : 5000
								}
							]
						},
						{
							"difficulty_id": 2,
							"amount" : 10,
							"rewards" :
							[
								{
									"type_id": 61010,
									"rewardAmount" : 5000
								}
							]
						},
						{
							"difficulty_id": 3,
							"amount" : 15,
							"rewards" :
							[
								{
									"type_id": 61010,
									"rewardAmount" : 5000
								}
							]
						},
						{
							"difficulty_id": 4,
							"amount" : 25,
							"rewards" :
							[
								{
									"type_id": 61010,
									"rewardAmount" : 5000
								}
							]
						}
					]
				}
			],
			"localization" : {
				"title_key" : "metagame_quest_destroy_ice_title",
				"presentation_key" : "metagame_quest_destroy_ice_info",	
				"instructions_key" : "metagame_quest_destroy_ice_text"
			}
		},
		{
			"id":  22,
			"cat_id":  4,
			"enabled": true,
			"lifespan" : {
				"type_id": 0,
				"value" : 0
			},
			"targets" : [
				{
					"type_id": 22,
					"difficulties":
					[
						{
							"difficulty_id": 0,
							"amount" : 1,
							"rewards" :
							[
								{
									"type_id": 61010,
									"rewardAmount" : 5000
								}
							]
						},
						{
							"difficulty_id": 1,
							"amount" : 1,
							"rewards" :
							[
								{
									"type_id": 61010,
									"rewardAmount" : 5000
								}
							]
						},
						{
							"difficulty_id": 2,
							"amount" : 1,
							"rewards" :
							[
								{
									"type_id": 61010,
									"rewardAmount" : 5000
								}
							]
						},
						{
							"difficulty_id": 3,
							"amount" : 1,
							"rewards" :
							[
								{
									"type_id": 61010,
									"rewardAmount" : 5000
								}
							]
						},
						{
							"difficulty_id": 4,
							"amount" : 1,
							"rewards" :
							[
								{
									"type_id": 61010,
									"rewardAmount" : 5000
								}
							]
						}
					]
				}
			],
			"preconditions" :
			[
				{
					"precondition_type" : 0
				},
				{
					"precondition_type" : 2
				},
				{
					"precondition_type" : 5
				}
			],
			"localization" : {
				"title_key" : "metagame_quest_invite_title",
				"presentation_key" : "metagame_quest_invite_info",	
				"instructions_key" : "metagame_quest_invite_text"
			}
		},
		{
			"id":  23,
			"cat_id":  4,
			"enabled": true,
			"lifespan" : {
				"type_id": 0,
				"value" : 0
			},
			"targets" : [
				{
					"type_id": 23,
					"difficulties":
					[
						{
							"difficulty_id": 0,
							"amount" : 1,
							"rewards" :
							[
								{
									"type_id": 61010,
									"rewardAmount" : 5000
								}
							]
						},
						{
							"difficulty_id": 1,
							"amount" : 1,
							"rewards" :
							[
								{
									"type_id": 61010,
									"rewardAmount" : 5000
								}
							]
						},
						{
							"difficulty_id": 2,
							"amount" : 1,
							"rewards" :
							[
								{
									"type_id": 61010,
									"rewardAmount" : 5000
								}
							]
						},
						{
							"difficulty_id": 3,
							"amount" : 1,
							"rewards" :
							[
								{
									"type_id": 61010,
									"rewardAmount" : 5000
								}
							]
						},
						{
							"difficulty_id": 4,
							"amount" : 1,
							"rewards" :
							[
								{
									"type_id": 61010,
									"rewardAmount" : 5000
								}
							]
						}
					]
				}
			],
			"preconditions" :
			[
				{
					"precondition_type" : 2
				},
				{
					"precondition_type" : 5
				}
			],
			"localization" : {
				"title_key" : "metagame_quest_pass_friend_any_title",
				"presentation_key" : "metagame_quest_pass_friend_any_info",	
				"instructions_key" : "metagame_quest_pass_friend_any_text"
			}
		},
		{
			"id":  24,
			"cat_id":  7,
			"enabled": true,
			"lifespan" : {
				"type_id": 0,
				"value" : 0
			},
			"targets" : [
				{
					"type_id": 24,
					"difficulties":
					[
						{
							"difficulty_id": 0,
							"amount" : 2,
							"rewards" :
							[
								{
									"type_id": 61010,
									"rewardAmount" : 5000
								}
							]
						},
						{
							"difficulty_id": 1,
							"amount" : 3,
							"rewards" :
							[
								{
									"type_id": 61010,
									"rewardAmount" : 5000
								}
							]
						},
						{
							"difficulty_id": 2,
							"amount" : 6,
							"rewards" :
							[
								{
									"type_id": 61010,
									"rewardAmount" : 5000
								}
							]
						},
						{
							"difficulty_id": 3,
							"amount" : 12,
							"rewards" :
							[
								{
									"type_id": 61010,
									"rewardAmount" : 5000
								}
							]
						},
						{
							"difficulty_id": 4,
							"amount" : 20,
							"rewards" :
							[
								{
									"type_id": 61010,
									"rewardAmount" : 5000
								}
							]
						}
					]
				}
			],
			"localization" : {
				"title_key" : "metagame_quest_tap_fairies_title",
				"presentation_key" : "metagame_quest_tap_fairies_info",	
				"instructions_key" : "metagame_quest_tap_fairies_text"
			}
		},
		{
			"id":  25,
			"cat_id":  3,
			"enabled": true,
			"lifespan" : {
				"type_id": 0,
				"value" : 0
			},
			"targets" : [
				{
					"type_id": 25,
					"difficulties":
					[
						{
							"difficulty_id": 0,
							"amount" : 2,
							"rewards" :
							[
								{
									"type_id": 61010,
									"rewardAmount" : 5000
								}
							]
						},
						{
							"difficulty_id": 1,
							"amount" : 2,
							"rewards" :
							[
								{
									"type_id": 61010,
									"rewardAmount" : 5000
								}
							]
						},
						{
							"difficulty_id": 2,
							"amount" : 4,
							"rewards" :
							[
								{
									"type_id": 61010,
									"rewardAmount" : 5000
								}
							]
						},
						{
							"difficulty_id": 3,
							"amount" : 6,
							"rewards" :
							[
								{
									"type_id": 61010,
									"rewardAmount" : 5000
								}
							]
						},
						{
							"difficulty_id": 4,
							"amount" : 8,
							"rewards" :
							[
								{
									"type_id": 61010,
									"rewardAmount" : 5000
								}
							]
						}
					]
				}
			],
			"localization" : {
				"title_key" : "metagame_quest_orb_give_title",
				"presentation_key" : "metagame_quest_orb_give_info",	
				"instructions_key" : "metagame_quest_orb_give_text"
			}
		},
		{
			"id":  26,
			"cat_id":  4,
			"enabled": true,
			"lifespan" : {
				"type_id": 0,
				"value" : 0
			},
			"targets" : [
				{
					"type_id": 26,
					"difficulties":
					[
						{
							"difficulty_id": 0,
							"amount" : 1,
							"rewards" :
							[
								{
									"type_id": 61010,
									"rewardAmount" : 5000
								}
							]
						},
						{
							"difficulty_id": 1,
							"amount" : 1,
							"rewards" :
							[
								{
									"type_id": 61010,
									"rewardAmount" : 5000
								}
							]
						},
						{
							"difficulty_id": 2,
							"amount" : 1,
							"rewards" :
							[
								{
									"type_id": 61010,
									"rewardAmount" : 5000
								}
							]
						},
						{
							"difficulty_id": 3,
							"amount" : 1,
							"rewards" :
							[
								{
									"type_id": 61010,
									"rewardAmount" : 5000
								}
							]
						},
						{
							"difficulty_id": 4,
							"amount" : 1,
							"rewards" :
							[
								{
									"type_id": 61010,
									"rewardAmount" : 5000
								}
							]
						}
					]
				}
			],
			"preconditions" :
			[
				{
					"precondition_type" : 0
				},
				{
					"precondition_type" : 5
				}
			],
			"localization" : {
				"title_key" : "metagame_quest_share_title",
				"presentation_key" : "metagame_quest_share_info",	
				"instructions_key" : "metagame_quest_share_text"
			}
		},
		{
			"id":  27,
			"cat_id":  4,
			"enabled": true,
			"lifespan" : {
				"type_id": 0,
				"value" : 0
			},
			"targets" : [
				{
					"type_id": 27,
					"difficulties":
					[
						{
							"difficulty_id": 0,
							"amount" : 1,
							"rewards" :
							[
								{
									"type_id": 61010,
									"rewardAmount" : 5000
								}
							]
						},
						{
							"difficulty_id": 1,
							"amount" : 1,
							"rewards" :
							[
								{
									"type_id": 61010,
									"rewardAmount" : 5000
								}
							]
						},
						{
							"difficulty_id": 2,
							"amount" : 1,
							"rewards" :
							[
								{
									"type_id": 61010,
									"rewardAmount" : 5000
								}
							]
						},
						{
							"difficulty_id": 3,
							"amount" : 1,
							"rewards" :
							[
								{
									"type_id": 61010,
									"rewardAmount" : 5000
								}
							]
						},
						{
							"difficulty_id": 4,
							"amount" : 1,
							"rewards" :
							[
								{
									"type_id": 61010,
									"rewardAmount" : 5000
								}
							]
						}
					]
				}
			],
			"preconditions" :
			[
				{
					"precondition_type" : 0
				},
				{
					"precondition_type" : 1
				},
				{
					"precondition_type" : 5
				}
			],
			"localization" : {
				"title_key" : "metagame_quest_change_nickname_title",
				"presentation_key" : "metagame_quest_change_nickname_info",	
				"instructions_key" : "metagame_quest_change_nickname_text"
			}
		},
		{
			"id":  28,
			"cat_id":  4,
			"enabled": true,
			"lifespan" : {
				"type_id": 0,
				"value" : 0
			},
			"targets" : [
				{
					"type_id": 28,
					"difficulties":
					[
						{
							"difficulty_id": 0,
							"amount" : 1,
							"rewards" :
							[
								{
									"type_id": 61010,
									"rewardAmount" : 5000
								}
							]
						},
						{
							"difficulty_id": 1,
							"amount" : 1,
							"rewards" :
							[
								{
									"type_id": 61010,
									"rewardAmount" : 5000
								}
							]
						},
						{
							"difficulty_id": 2,
							"amount" : 1,
							"rewards" :
							[
								{
									"type_id": 61010,
									"rewardAmount" : 5000
								}
							]
						},
						{
							"difficulty_id": 3,
							"amount" : 1,
							"rewards" :
							[
								{
									"type_id": 61010,
									"rewardAmount" : 5000
								}
							]
						},
						{
							"difficulty_id": 4,
							"amount" : 1,
							"rewards" :
							[
								{
									"type_id": 61010,
									"rewardAmount" : 5000
								}
							]
						}
					]
				}
			],
			"preconditions" :
			[
				{
					"precondition_type" : 3
				},
				{
					"precondition_type" : 5
				}		
			],
			"localization" : {
				"title_key" : "metagame_quest_pass_friend_title",
				"presentation_key" : "metagame_quest_pass_friend_info",	
				"instructions_key" : "metagame_quest_pass_friend_text"
			}
		}
	]
}