{
	"questRewardMultipliers":
	[
		{
			"rank" : 1,
			"multiplier" : 10.0
		},
		{
			"rank" : 2,
			"multiplier" : 10.0
		},
		{
			"rank" : 3,
			"multiplier" : 10.0
		},
		{
			"rank" : 4,
			"multiplier" : 10.0
		},
		{
			"rank" : 5,
			"multiplier" : 10.0
		},
		{
			"rank" : 6,
			"multiplier" : 10.0
		},
		{
			"rank" : 7,
			"multiplier" : 10.0
		},
		{
			"rank" : 8,
			"multiplier" : 10.0
		},
		{
			"rank" : 9,
			"multiplier" : 10.0
		},
		{
			"rank" : 10,
			"multiplier" : 10.0
		},
		{
			"rank" : 11,
			"multiplier" : 10.0
		},
		{
			"rank" : 12,
			"multiplier" : 10.0
		},
		{
			"rank" : 13,
			"multiplier" : 10.0
		},
		{
			"rank" : 14,
			"multiplier" : 10.0
		},
		{
			"rank" : 15,
			"multiplier" : 10.0
		},
		{
			"rank" : 16,
			"multiplier" : 10.0
		}
	]
}